{
  "hash": "0681cdad",
  "configHash": "f372874f",
  "lockfileHash": "8685acba",
  "browserHash": "99a2acac",
  "optimized": {
    "@angular/common": {
      "src": "../../../../../node_modules/@angular/common/fesm2022/common.mjs",
      "file": "@angular_common.js",
      "fileHash": "35210f0b",
      "needsInterop": false
    },
    "@angular/common/http": {
      "src": "../../../../../node_modules/@angular/common/fesm2022/http.mjs",
      "file": "@angular_common_http.js",
      "fileHash": "6c64f715",
      "needsInterop": false
    },
    "@angular/core": {
      "src": "../../../../../node_modules/@angular/core/fesm2022/core.mjs",
      "file": "@angular_core.js",
      "fileHash": "dc3b5df6",
      "needsInterop": false
    },
    "@angular/forms": {
      "src": "../../../../../node_modules/@angular/forms/fesm2022/forms.mjs",
      "file": "@angular_forms.js",
      "fileHash": "c2c5d283",
      "needsInterop": false
    },
    "@angular/platform-browser": {
      "src": "../../../../../node_modules/@angular/platform-browser/fesm2022/platform-browser.mjs",
      "file": "@angular_platform-browser.js",
      "fileHash": "fdb48f2e",
      "needsInterop": false
    },
    "@angular/router": {
      "src": "../../../../../node_modules/@angular/router/fesm2022/router.mjs",
      "file": "@angular_router.js",
      "fileHash": "2e836af7",
      "needsInterop": false
    }
  },
  "chunks": {
    "chunk-5JF5IDXD": {
      "file": "chunk-5JF5IDXD.js"
    },
    "chunk-ZWPDDIM2": {
      "file": "chunk-ZWPDDIM2.js"
    },
    "chunk-V4LNXL5F": {
      "file": "chunk-V4LNXL5F.js"
    },
    "chunk-3V2WW6I2": {
      "file": "chunk-3V2WW6I2.js"
    }
  }
}