{
  "hash": "f99e08a2",
  "configHash": "fa988246",
  "lockfileHash": "8685acba",
  "browserHash": "28ab2caa",
  "optimized": {
    "@angular/common": {
      "src": "../../../../../node_modules/@angular/common/fesm2022/common.mjs",
      "file": "@angular_common.js",
      "fileHash": "fa46ebf2",
      "needsInterop": false
    },
    "@angular/common/http": {
      "src": "../../../../../node_modules/@angular/common/fesm2022/http.mjs",
      "file": "@angular_common_http.js",
      "fileHash": "476db23e",
      "needsInterop": false
    },
    "@angular/core": {
      "src": "../../../../../node_modules/@angular/core/fesm2022/core.mjs",
      "file": "@angular_core.js",
      "fileHash": "5d179842",
      "needsInterop": false
    },
    "@angular/forms": {
      "src": "../../../../../node_modules/@angular/forms/fesm2022/forms.mjs",
      "file": "@angular_forms.js",
      "fileHash": "0a7a822a",
      "needsInterop": false
    },
    "@angular/platform-browser": {
      "src": "../../../../../node_modules/@angular/platform-browser/fesm2022/platform-browser.mjs",
      "file": "@angular_platform-browser.js",
      "fileHash": "cb5138f5",
      "needsInterop": false
    },
    "@angular/router": {
      "src": "../../../../../node_modules/@angular/router/fesm2022/router.mjs",
      "file": "@angular_router.js",
      "fileHash": "f8632b4b",
      "needsInterop": false
    }
  },
  "chunks": {
    "chunk-5JF5IDXD": {
      "file": "chunk-5JF5IDXD.js"
    },
    "chunk-ZWPDDIM2": {
      "file": "chunk-ZWPDDIM2.js"
    },
    "chunk-V4LNXL5F": {
      "file": "chunk-V4LNXL5F.js"
    },
    "chunk-3V2WW6I2": {
      "file": "chunk-3V2WW6I2.js"
    }
  }
}